[{"model": "admin.logentry", "pk": 1, "fields": {"action_time": "2021-01-04T22:45:58.720Z", "user": 1, "content_type": 7, "object_id": "1", "object_repr": "2323232", "action_flag": 1, "change_message": "[{\"added\": {}}]"}}, {"model": "admin.logentry", "pk": 2, "fields": {"action_time": "2021-01-04T22:46:34.563Z", "user": 1, "content_type": 7, "object_id": "1", "object_repr": "2323232", "action_flag": 3, "change_message": ""}}, {"model": "admin.logentry", "pk": 3, "fields": {"action_time": "2021-01-04T22:46:56.635Z", "user": 1, "content_type": 7, "object_id": "2", "object_repr": "2323232", "action_flag": 1, "change_message": "[{\"added\": {}}]"}}, {"model": "admin.logentry", "pk": 4, "fields": {"action_time": "2021-01-04T22:47:19.135Z", "user": 1, "content_type": 7, "object_id": "3", "object_repr": "2323232", "action_flag": 1, "change_message": "[{\"added\": {}}]"}}, {"model": "admin.logentry", "pk": 5, "fields": {"action_time": "2021-01-05T18:55:55.174Z", "user": 1, "content_type": 9, "object_id": "2", "object_repr": "45; 2", "action_flag": 1, "change_message": "[{\"added\": {}}]"}}, {"model": "admin.logentry", "pk": 6, "fields": {"action_time": "2021-01-05T18:56:45.434Z", "user": 1, "content_type": 9, "object_id": "3", "object_repr": "4; 3", "action_flag": 1, "change_message": "[{\"added\": {}}]"}}, {"model": "admin.logentry", "pk": 7, "fields": {"action_time": "2021-01-06T13:02:45.950Z", "user": 1, "content_type": 3, "object_id": "1", "object_repr": "gestion_clientes", "action_flag": 1, "change_message": "[{\"added\": {}}]"}}, {"model": "admin.logentry", "pk": 8, "fields": {"action_time": "2021-01-06T14:06:20.529Z", "user": 1, "content_type": 4, "object_id": "2", "object_repr": "luis123", "action_flag": 1, "change_message": "[{\"added\": {}}]"}}, {"model": "admin.logentry", "pk": 9, "fields": {"action_time": "2021-01-06T14:07:37.894Z", "user": 1, "content_type": 4, "object_id": "2", "object_repr": "luis123", "action_flag": 2, "change_message": "[{\"changed\": {\"fields\": [\"First name\", \"Last name\", \"Email address\"]}}]"}}, {"model": "admin.logentry", "pk": 10, "fields": {"action_time": "2021-01-06T14:08:11.653Z", "user": 1, "content_type": 4, "object_id": "2", "object_repr": "luis123", "action_flag": 2, "change_message": "[{\"changed\": {\"fields\": [\"First name\", \"Superuser status\"]}}]"}}, {"model": "admin.logentry", "pk": 11, "fields": {"action_time": "2021-01-06T14:08:33.238Z", "user": 1, "content_type": 4, "object_id": "2", "object_repr": "luis123", "action_flag": 2, "change_message": "[{\"changed\": {\"fields\": [\"Staff status\"]}}]"}}, {"model": "admin.logentry", "pk": 13, "fields": {"action_time": "2021-01-06T14:11:49.899Z", "user": 1, "content_type": 4, "object_id": "2", "object_repr": "luis123", "action_flag": 2, "change_message": "[{\"changed\": {\"fields\": [\"Staff status\"]}}]"}}, {"model": "admin.logentry", "pk": 14, "fields": {"action_time": "2021-01-06T14:13:54.009Z", "user": 1, "content_type": 4, "object_id": "2", "object_repr": "luis123", "action_flag": 2, "change_message": "[{\"changed\": {\"fields\": [\"Superuser status\"]}}]"}}, {"model": "admin.logentry", "pk": 15, "fields": {"action_time": "2021-01-07T01:33:49.240Z", "user": 1, "content_type": 4, "object_id": "2", "object_repr": "luis123", "action_flag": 3, "change_message": ""}}, {"model": "admin.logentry", "pk": 16, "fields": {"action_time": "2021-01-07T01:34:56.712Z", "user": 1, "content_type": 4, "object_id": "3", "object_repr": "luis123", "action_flag": 1, "change_message": "[{\"added\": {}}]"}}, {"model": "admin.logentry", "pk": 17, "fields": {"action_time": "2021-01-07T01:35:03.444Z", "user": 1, "content_type": 4, "object_id": "3", "object_repr": "luis123", "action_flag": 2, "change_message": "[]"}}, {"model": "admin.logentry", "pk": 18, "fields": {"action_time": "2021-01-07T01:35:16.291Z", "user": 1, "content_type": 4, "object_id": "3", "object_repr": "luis123", "action_flag": 2, "change_message": "[{\"changed\": {\"fields\": [\"Staff status\", \"Superuser status\"]}}]"}}, {"model": "admin.logentry", "pk": 19, "fields": {"action_time": "2021-01-07T01:35:59.658Z", "user": 1, "content_type": 4, "object_id": "3", "object_repr": "luis123", "action_flag": 2, "change_message": "[{\"changed\": {\"fields\": [\"Active\", \"Staff status\"]}}]"}}, {"model": "admin.logentry", "pk": 20, "fields": {"action_time": "2021-01-07T01:44:40.231Z", "user": 1, "content_type": 4, "object_id": "3", "object_repr": "luis123", "action_flag": 2, "change_message": "[{\"changed\": {\"fields\": [\"Staff status\"]}}]"}}, {"model": "admin.logentry", "pk": 21, "fields": {"action_time": "2021-01-07T01:45:27.545Z", "user": 1, "content_type": 4, "object_id": "3", "object_repr": "luis123", "action_flag": 2, "change_message": "[]"}}, {"model": "admin.logentry", "pk": 22, "fields": {"action_time": "2021-01-07T02:29:50.253Z", "user": 1, "content_type": 4, "object_id": "3", "object_repr": "luis123", "action_flag": 2, "change_message": "[{\"changed\": {\"fields\": [\"Staff status\", \"Superuser status\"]}}]"}}, {"model": "admin.logentry", "pk": 23, "fields": {"action_time": "2021-01-07T02:57:08.657Z", "user": 1, "content_type": 4, "object_id": "3", "object_repr": "luis123", "action_flag": 2, "change_message": "[{\"changed\": {\"fields\": [\"Staff status\", \"Superuser status\"]}}]"}}, {"model": "admin.logentry", "pk": 24, "fields": {"action_time": "2021-01-07T02:58:55.648Z", "user": 1, "content_type": 4, "object_id": "3", "object_repr": "luis123", "action_flag": 3, "change_message": ""}}, {"model": "admin.logentry", "pk": 25, "fields": {"action_time": "2021-01-07T02:59:35.194Z", "user": 1, "content_type": 4, "object_id": "4", "object_repr": "luis123", "action_flag": 1, "change_message": "[{\"added\": {}}]"}}, {"model": "admin.logentry", "pk": 26, "fields": {"action_time": "2021-01-07T02:59:39.295Z", "user": 1, "content_type": 4, "object_id": "4", "object_repr": "luis123", "action_flag": 2, "change_message": "[]"}}, {"model": "admin.logentry", "pk": 27, "fields": {"action_time": "2021-01-07T02:59:51.951Z", "user": 1, "content_type": 4, "object_id": "4", "object_repr": "luis123", "action_flag": 2, "change_message": "[{\"changed\": {\"fields\": [\"Staff status\", \"Superuser status\"]}}]"}}, {"model": "admin.logentry", "pk": 28, "fields": {"action_time": "2021-01-07T03:00:33.598Z", "user": 4, "content_type": 4, "object_id": "4", "object_repr": "luis123", "action_flag": 2, "change_message": "[{\"changed\": {\"fields\": [\"Active\"]}}]"}}, {"model": "admin.logentry", "pk": 29, "fields": {"action_time": "2021-01-07T03:04:39.114Z", "user": 1, "content_type": 4, "object_id": "4", "object_repr": "luis123", "action_flag": 2, "change_message": "[{\"changed\": {\"fields\": [\"Active\"]}}]"}}, {"model": "admin.logentry", "pk": 30, "fields": {"action_time": "2021-01-12T17:12:49.874Z", "user": 1, "content_type": 4, "object_id": "4", "object_repr": "luis123", "action_flag": 2, "change_message": "[{\"changed\": {\"fields\": [\"First name\", \"Last name\", \"Email address\"]}}]"}}, {"model": "admin.logentry", "pk": 31, "fields": {"action_time": "2021-01-12T17:24:29.108Z", "user": 1, "content_type": 4, "object_id": "1", "object_repr": "allen", "action_flag": 2, "change_message": "[{\"changed\": {\"fields\": [\"Groups\"]}}]"}}, {"model": "admin.logentry", "pk": 32, "fields": {"action_time": "2021-01-13T12:39:49.813Z", "user": 1, "content_type": 3, "object_id": "2", "object_repr": "clientes", "action_flag": 1, "change_message": "[{\"added\": {}}]"}}, {"model": "admin.logentry", "pk": 33, "fields": {"action_time": "2021-01-13T12:55:34.062Z", "user": 1, "content_type": 4, "object_id": "5", "object_repr": "5555", "action_flag": 3, "change_message": ""}}, {"model": "admin.logentry", "pk": 34, "fields": {"action_time": "2021-01-13T12:58:58.175Z", "user": 1, "content_type": 4, "object_id": "6", "object_repr": "5555", "action_flag": 3, "change_message": ""}}, {"model": "admin.logentry", "pk": 35, "fields": {"action_time": "2021-01-13T13:15:42.436Z", "user": 1, "content_type": 4, "object_id": "7", "object_repr": "5555", "action_flag": 3, "change_message": ""}}, {"model": "admin.logentry", "pk": 36, "fields": {"action_time": "2021-01-13T14:23:17.513Z", "user": 1, "content_type": 3, "object_id": "3", "object_repr": "transacciones", "action_flag": 1, "change_message": "[{\"added\": {}}]"}}, {"model": "admin.logentry", "pk": 37, "fields": {"action_time": "2021-01-13T14:23:51.444Z", "user": 1, "content_type": 3, "object_id": "3", "object_repr": "transacciones", "action_flag": 2, "change_message": "[]"}}, {"model": "admin.logentry", "pk": 38, "fields": {"action_time": "2021-01-13T14:24:24.371Z", "user": 1, "content_type": 4, "object_id": "1", "object_repr": "allen", "action_flag": 2, "change_message": "[{\"changed\": {\"fields\": [\"First name\", \"Last name\", \"Groups\"]}}]"}}, {"model": "auth.group", "pk": 1, "fields": {"name": "gestion_clientes", "permissions": [25, 26, 27, 28, 33, 34, 35, 36]}}, {"model": "auth.group", "pk": 2, "fields": {"name": "clientes", "permissions": []}}, {"model": "auth.group", "pk": 3, "fields": {"name": "transacciones", "permissions": [28, 29, 32, 36]}}, {"model": "auth.user", "pk": 1, "fields": {"password": "pbkdf2_sha256$216000$M5lhpq1rCPcP$9YeTGFLXyrDBlZRTaGmZrsqpqtg+QvWPVZIuy99hu7w=", "last_login": "2021-01-27T04:08:08.676Z", "is_superuser": true, "username": "allen", "first_name": "Luis", "last_name": "Sarmiento", "email": "luis@gmail.com", "is_staff": true, "is_active": true, "date_joined": "2021-01-04T21:53:23Z", "groups": [2, 1, 3], "user_permissions": []}}, {"model": "auth.user", "pk": 4, "fields": {"password": "pbkdf2_sha256$216000$wBwov0x8WUsN$Ro55SRUz8tQMc1+xPdrHMmLIoylVJjSXVL3LftO3E6Q=", "last_login": "2021-01-13T14:01:38.602Z", "is_superuser": true, "username": "luis123", "first_name": "Luis Alberto", "last_name": "Sarmiento", "email": "luis1@gmail.com", "is_staff": true, "is_active": true, "date_joined": "2021-01-07T02:59:34Z", "groups": [], "user_permissions": []}}, {"model": "auth.user", "pk": 8, "fields": {"password": "pbkdf2_sha256$216000$tZoUNgjopnQ5$ztO0YBiPJTMn73d4J7JCootnYYw/YsSOEYEaoNXCzzA=", "last_login": "2021-01-13T13:27:16.291Z", "is_superuser": false, "username": "5555", "first_name": "Maura", "last_name": "Cuenca", "email": "maura@gmail", "is_staff": false, "is_active": true, "date_joined": "2021-01-13T13:17:56.187Z", "groups": [2], "user_permissions": []}}, {"model": "auth.user", "pk": 9, "fields": {"password": "pbkdf2_sha256$216000$u8MWDTFKQBtK$Y6qH8JPwju8lUsnKNyzDwAfAUrZFtw7aj8ttnxlFiro=", "last_login": null, "is_superuser": false, "username": "555333", "first_name": "Marco", "last_name": "Aurelio", "email": "aur@gmail.com", "is_staff": false, "is_active": true, "date_joined": "2021-01-19T20:23:59.642Z", "groups": [2], "user_permissions": []}}, {"model": "auth.user", "pk": 10, "fields": {"password": "pbkdf2_sha256$216000$wI42fO9DsmHi$qSg5AYxjrP6TBpZnhDYZorJ5S2R1gdNasktyDQEtDVc=", "last_login": null, "is_superuser": false, "username": "11060782", "first_name": "Cornelio", "last_name": "Cuenca", "email": "corne@gmail.com", "is_staff": false, "is_active": true, "date_joined": "2021-01-21T22:19:51.494Z", "groups": [2], "user_permissions": []}}, {"model": "auth.user", "pk": 11, "fields": {"password": "pbkdf2_sha256$216000$rUZqgzTS0Vgm$9Tqre85sLRG0nP7ROEzNXe8WhcIq5AAs2joYcHyXmc4=", "last_login": null, "is_superuser": false, "username": "110607", "first_name": "Luis", "last_name": "Sarmiento", "email": "luis@gmail.com", "is_staff": false, "is_active": true, "date_joined": "2021-01-26T04:38:00.029Z", "groups": [2], "user_permissions": []}}, {"model": "auth.user", "pk": 12, "fields": {"password": "pbkdf2_sha256$216000$lvDJEDIOKB18$yIBntuPWtTJrWyJGXUa6JybibIsnS8IKtkZmlu3rXF0=", "last_login": null, "is_superuser": false, "username": "1111", "first_name": "Rosa", "last_name": "Cuenca", "email": "rosa@gmail.com", "is_staff": false, "is_active": true, "date_joined": "2021-01-26T04:38:50.055Z", "groups": [2], "user_permissions": []}}, {"model": "auth.user", "pk": 13, "fields": {"password": "pbkdf2_sha256$216000$LGVZ8sKH7hc3$tfrGsd6Zrc0SWh5Q8lFzM84qLs1CuSYcZ2u9y1be32k=", "last_login": null, "is_superuser": false, "username": "2222", "first_name": "Maura", "last_name": "Cuenca", "email": "maura@gmail", "is_staff": false, "is_active": true, "date_joined": "2021-01-26T04:39:23.770Z", "groups": [2], "user_permissions": []}}, {"model": "auth.user", "pk": 14, "fields": {"password": "pbkdf2_sha256$216000$HIzM7SisL9YD$wUPHPoit8KeyYHb25l7r7rUtWca/7KKewSpoyC26V3c=", "last_login": null, "is_superuser": false, "username": "3333", "first_name": "Juan", "last_name": "Gonzalez", "email": "juanito@gmail.com", "is_staff": false, "is_active": true, "date_joined": "2021-01-26T04:40:10.619Z", "groups": [2], "user_permissions": []}}, {"model": "sessions.session", "pk": "28dgk6bj8ph252r7lrye1yd835uz5jwn", "fields": {"session_data": ".eJxVjMsOwiAQRf-FtSE8hgm6dO83kAEGqRpISrsy_rtt0oVu7znnvkWgdalhHTyHKYuL0OL0u0VKT247yA9q9y5Tb8s8Rbkr8qBD3nrm1_Vw_w4qjbrV3rOzbDKeEQGQtNbMXLT10STjwREYxRYVlsLgHRn0wGxg01GlKD5fxyI3Gg:1l1u8l:Envri9gbgtQaDmiTRjpA2ZHBYyGNtxKs_neG4Ea-rJs", "expire_date": "2021-02-02T16:45:59.842Z"}}, {"model": "sessions.session", "pk": "kk8f24kehezet14ycsoprvkqgbwl6tdf", "fields": {"session_data": ".eJxVjMsOwiAQRf-FtSE8hgm6dO83kAEGqRpISrsy_rtt0oVu7znnvkWgdalhHTyHKYuL0OL0u0VKT247yA9q9y5Tb8s8Rbkr8qBD3nrm1_Vw_w4qjbrV3rOzbDKeEQGQtNbMXLT10STjwREYxRYVlsLgHRn0wGxg01GlKD5fxyI3Gg:1kwXnN:G_ZzkNBWjlToLZVJWxBogAUVNH7RHTrQfqppI2wUqSQ", "expire_date": "2021-01-18T21:53:45.418Z"}}, {"model": "sessions.session", "pk": "s69xjzt7pxki64zygrg9bv77z86jakw7", "fields": {"session_data": ".eJxVjMsOwiAQRf-FtSE8hgm6dO83kAEGqRpISrsy_rtt0oVu7znnvkWgdalhHTyHKYuL0OL0u0VKT247yA9q9y5Tb8s8Rbkr8qBD3nrm1_Vw_w4qjbrV3rOzbDKeEQGQtNbMXLT10STjwREYxRYVlsLgHRn0wGxg01GlKD5fxyI3Gg:1kxKJK:7fQPI6Qbd2JuNYlL6RmWdDrzx3qEP7s50s3FNkNrJG4", "expire_date": "2021-01-21T01:41:58.594Z"}}, {"model": "sessions.session", "pk": "sb1nl3xhpj6gbszgawgdfoy0hz8bfzoi", "fields": {"session_data": ".eJxVjMsOwiAQRf-FtSE8hgm6dO83kAEGqRpISrsy_rtt0oVu7znnvkWgdalhHTyHKYuL0OL0u0VKT247yA9q9y5Tb8s8Rbkr8qBD3nrm1_Vw_w4qjbrV3rOzbDKeEQGQtNbMXLT10STjwREYxRYVlsLgHRn0wGxg01GlKD5fxyI3Gg:1kzgj5:xb6Lh4BGLkVUc89OF_uTBBKqwa37RoJoLZKm0833NoU", "expire_date": "2021-01-27T14:02:19.696Z"}}, {"model": "sessions.session", "pk": "tto2mjvvortviqtnl28js7z47jagqik4", "fields": {"session_data": ".eJxVjMsOwiAQRf-FtSE8hgm6dO83kAEGqRpISrsy_rtt0oVu7znnvkWgdalhHTyHKYuL0OL0u0VKT247yA9q9y5Tb8s8Rbkr8qBD3nrm1_Vw_w4qjbrV3rOzbDKeEQGQtNbMXLT10STjwREYxRYVlsLgHRn0wGxg01GlKD5fxyI3Gg:1l4G33:LuG_6W5PEoKUMiBZUZ1crCrwhG2HicxuwHVCj3LMtss", "expire_date": "2021-02-09T04:33:49.887Z"}}, {"model": "sessions.session", "pk": "uivbbxron06eywsllbiw2gl4558dtlnk", "fields": {"session_data": ".eJxVjMsOwiAQRf-FtSE8hgm6dO83kAEGqRpISrsy_rtt0oVu7znnvkWgdalhHTyHKYuL0OL0u0VKT247yA9q9y5Tb8s8Rbkr8qBD3nrm1_Vw_w4qjbrV3rOzbDKeEQGQtNbMXLT10STjwREYxRYVlsLgHRn0wGxg01GlKD5fxyI3Gg:1l2gEa:4NKjzthVSQcShRTQoXHORwQ1MHeaz_K3P5zyLD9Xg8c", "expire_date": "2021-02-04T20:07:12.672Z"}}, {"model": "sessions.session", "pk": "vc64tenbfqqht2g5rnt85lagkp4olvoe", "fields": {"session_data": ".eJxVjMsOwiAQRf-FtSE8hgm6dO83kAEGqRpISrsy_rtt0oVu7znnvkWgdalhHTyHKYuL0OL0u0VKT247yA9q9y5Tb8s8Rbkr8qBD3nrm1_Vw_w4qjbrV3rOzbDKeEQGQtNbMXLT10STjwREYxRYVlsLgHRn0wGxg01GlKD5fxyI3Gg:1l1xx8:43oo6ym2SoPG0rL77IiXDwQLakwgDDXntDIA_HZw8Rk", "expire_date": "2021-02-02T20:50:14.346Z"}}, {"model": "sessions.session", "pk": "zfrb98iuvpxpu6hu077as8wcg49j9j6o", "fields": {"session_data": ".eJxVjMsOwiAQRf-FtSE8hgm6dO83kAEGqRpISrsy_rtt0oVu7znnvkWgdalhHTyHKYuL0OL0u0VKT247yA9q9y5Tb8s8Rbkr8qBD3nrm1_Vw_w4qjbrV3rOzbDKeEQGQtNbMXLT10STjwREYxRYVlsLgHRn0wGxg01GlKD5fxyI3Gg:1l4c7k:ncDlwAclXPSBGZKbeeX8jWouH74UorPFxsPirb9ZuaM", "expire_date": "2021-02-10T04:08:08.699Z"}}, {"model": "modelo.cliente", "pk": 1, "fields": {"cedula": "110607", "nombres": "Luis", "apellidos": "Sarmiento", "genero": "masculino", "estadoCivil": "soltero", "correo": "luis@gmail.com", "telefono": "23424234", "celular": "09897549865", "direccion": "Loja-Ecuador", "date_created": "2021-01-26T04:37:58.943Z"}}, {"model": "modelo.cliente", "pk": 2, "fields": {"cedula": "1111", "nombres": "Rosa", "apellidos": "Cuenca", "genero": "femenino", "estadoCivil": "casado", "correo": "rosa@gmail.com", "telefono": "0989023836", "celular": "0989023836", "direccion": "Loja", "date_created": "2021-01-26T04:38:49.838Z"}}, {"model": "modelo.cliente", "pk": 3, "fields": {"cedula": "2222", "nombres": "Maura", "apellidos": "Cuenca", "genero": "femenino", "estadoCivil": "casado", "correo": "maura@gmail", "telefono": "86554544", "celular": "87699876", "direccion": "Orianga", "date_created": "2021-01-26T04:39:23.626Z"}}, {"model": "modelo.cliente", "pk": 4, "fields": {"cedula": "3333", "nombres": "Juan", "apellidos": "Gonzalez", "genero": "masculino", "estadoCivil": "soltero", "correo": "juanito@gmail.com", "telefono": "87987", "celular": "97678", "direccion": "El Plateado", "date_created": "2021-01-26T04:40:10.384Z"}}, {"model": "modelo.cliente", "pk": 5, "fields": {"cedula": "5555", "nombres": "Aurelio", "apellidos": "Marco", "genero": "masculino", "estadoCivil": "soltero", "correo": "marco@gmail.com", "telefono": "76579", "celular": "78343443", "direccion": "Roma", "date_created": "2021-01-26T04:41:22.231Z"}}, {"model": "modelo.cuenta", "pk": 1, "fields": {"numero": "1", "fechaApartura": "2021-01-26T05:38:07.376Z", "tipoCuenta": "corriente", "saldo": "779.60", "estado": true, "cliente": 1, "date_created": "2021-01-26T04:37:59.449Z"}}, {"model": "modelo.cuenta", "pk": 2, "fields": {"numero": "2", "fechaApartura": "2021-01-26T04:38:49.945Z", "tipoCuenta": "ahorros", "saldo": "678.00", "estado": true, "cliente": 2, "date_created": "2021-01-26T04:38:49.945Z"}}, {"model": "modelo.cuenta", "pk": 3, "fields": {"numero": "3", "fechaApartura": "2021-01-26T05:34:10.489Z", "tipoCuenta": "corriente", "saldo": "5063.00", "estado": true, "cliente": 3, "date_created": "2021-01-26T04:39:23.692Z"}}, {"model": "modelo.cuenta", "pk": 4, "fields": {"numero": "4", "fechaApartura": "2021-01-26T05:25:49.922Z", "tipoCuenta": "ahorros", "saldo": "400.00", "estado": true, "cliente": 4, "date_created": "2021-01-26T04:40:10.486Z"}}, {"model": "modelo.cuenta", "pk": 5, "fields": {"numero": "6", "fechaApartura": "2021-01-26T05:11:20.524Z", "tipoCuenta": "programado", "saldo": "470.00", "estado": true, "cliente": 5, "date_created": "2021-01-26T04:41:22.337Z"}}, {"model": "modelo.cuenta", "pk": 6, "fields": {"numero": "111", "fechaApartura": "2021-01-26T05:35:25.547Z", "tipoCuenta": "corriente", "saldo": "2985.00", "estado": true, "cliente": 1, "date_created": "2021-01-26T05:02:10.501Z"}}, {"model": "modelo.cuenta", "pk": 7, "fields": {"numero": "121", "fechaApartura": "2021-01-26T05:36:08.632Z", "tipoCuenta": "corriente", "saldo": "2204.00", "estado": true, "cliente": 1, "date_created": "2021-01-26T05:02:18.370Z"}}, {"model": "modelo.cuenta", "pk": 8, "fields": {"numero": "212", "fechaApartura": "2021-01-26T05:02:29.818Z", "tipoCuenta": "corriente", "saldo": "2323.00", "estado": true, "cliente": 2, "date_created": "2021-01-26T05:02:29.818Z"}}, {"model": "modelo.cuenta", "pk": 9, "fields": {"numero": "221", "fechaApartura": "2021-01-26T05:02:38.755Z", "tipoCuenta": "programado", "saldo": "3434.00", "estado": true, "cliente": 2, "date_created": "2021-01-26T05:02:38.756Z"}}, {"model": "modelo.cuenta", "pk": 10, "fields": {"numero": "321", "fechaApartura": "2021-01-26T05:38:51.190Z", "tipoCuenta": "corriente", "saldo": "800.00", "estado": true, "cliente": 3, "date_created": "2021-01-26T05:02:52.564Z"}}, {"model": "modelo.cuenta", "pk": 11, "fields": {"numero": "312", "fechaApartura": "2021-01-26T05:03:01.363Z", "tipoCuenta": "corriente", "saldo": "34.00", "estado": true, "cliente": 3, "date_created": "2021-01-26T05:03:01.363Z"}}, {"model": "modelo.cuenta", "pk": 12, "fields": {"numero": "423", "fechaApartura": "2021-01-26T05:03:12.384Z", "tipoCuenta": "corriente", "saldo": "3443.00", "estado": true, "cliente": 4, "date_created": "2021-01-26T05:03:12.384Z"}}, {"model": "modelo.cuenta", "pk": 13, "fields": {"numero": "412", "fechaApartura": "2021-01-26T05:28:02.463Z", "tipoCuenta": "programado", "saldo": "700.00", "estado": true, "cliente": 4, "date_created": "2021-01-26T05:03:21.996Z"}}, {"model": "modelo.cuenta", "pk": 14, "fields": {"numero": "4133", "fechaApartura": "2021-01-26T05:26:54.092Z", "tipoCuenta": "corriente", "saldo": "2399.50", "estado": true, "cliente": 4, "date_created": "2021-01-26T05:03:36.769Z"}}, {"model": "modelo.transaccion", "pk": 1, "fields": {"fecha": "2021-01-26T05:07:04.774Z", "tipo": "deposito", "valor": "4.00", "cuenta": 5, "descripcion": "Desposito de prueba", "updated_at": "2021-01-26T05:07:04.774Z"}}, {"model": "modelo.transaccion", "pk": 2, "fields": {"fecha": "2021-01-26T05:11:20.334Z", "tipo": "deposito", "valor": "10.00", "cuenta": 5, "descripcion": "Gracias", "updated_at": "2021-01-26T05:11:20.334Z"}}, {"model": "modelo.transaccion", "pk": 3, "fields": {"fecha": "2021-01-26T05:12:20.154Z", "tipo": "deposito", "valor": "259.60", "cuenta": 1, "descripcion": "Depositando ahorro", "updated_at": "2021-01-26T05:12:20.154Z"}}, {"model": "modelo.transaccion", "pk": 4, "fields": {"fecha": "2021-01-26T05:25:49.810Z", "tipo": "retiro", "valor": "3034.00", "cuenta": 4, "descripcion": "retiro grande", "updated_at": "2021-01-26T05:25:49.810Z"}}, {"model": "modelo.transaccion", "pk": 5, "fields": {"fecha": "2021-01-26T05:26:53.953Z", "tipo": "retiro", "valor": "1034.50", "cuenta": 14, "descripcion": "retiro", "updated_at": "2021-01-26T05:26:53.953Z"}}, {"model": "modelo.transaccion", "pk": 6, "fields": {"fecha": "2021-01-26T05:28:02.338Z", "tipo": "deposito", "valor": "256.00", "cuenta": 13, "descripcion": "deposito", "updated_at": "2021-01-26T05:28:02.339Z"}}, {"model": "modelo.transaccion", "pk": 7, "fields": {"fecha": "2021-01-26T05:31:51.812Z", "tipo": "retiro", "valor": "156.00", "cuenta": 3, "descripcion": "retiro de ahorro", "updated_at": "2021-01-26T05:31:51.812Z"}}, {"model": "modelo.transaccion", "pk": 8, "fields": {"fecha": "2021-01-26T05:32:49.276Z", "tipo": "retiro", "valor": "156.00", "cuenta": 3, "descripcion": "retiro de ahorro", "updated_at": "2021-01-26T05:32:49.276Z"}}, {"model": "modelo.transaccion", "pk": 9, "fields": {"fecha": "2021-01-26T05:33:59.890Z", "tipo": "retiro", "valor": "156.00", "cuenta": 3, "descripcion": "retiro de ahorro", "updated_at": "2021-01-26T05:33:59.890Z"}}, {"model": "modelo.transaccion", "pk": 10, "fields": {"fecha": "2021-01-26T05:34:03.136Z", "tipo": "retiro", "valor": "156.00", "cuenta": 3, "descripcion": "retiro de ahorro", "updated_at": "2021-01-26T05:34:03.136Z"}}, {"model": "modelo.transaccion", "pk": 11, "fields": {"fecha": "2021-01-26T05:34:10.361Z", "tipo": "retiro", "valor": "2.00", "cuenta": 3, "descripcion": "a", "updated_at": "2021-01-26T05:34:10.361Z"}}, {"model": "modelo.transaccion", "pk": 12, "fields": {"fecha": "2021-01-26T05:35:25.397Z", "tipo": "retiro", "valor": "450.00", "cuenta": 6, "descripcion": "retiro", "updated_at": "2021-01-26T05:35:25.397Z"}}, {"model": "modelo.transaccion", "pk": 13, "fields": {"fecha": "2021-01-26T05:36:08.513Z", "tipo": "retiro", "valor": "1230.00", "cuenta": 7, "descripcion": "retirando", "updated_at": "2021-01-26T05:36:08.513Z"}}, {"model": "modelo.transaccion", "pk": 14, "fields": {"fecha": "2021-01-26T05:37:33.708Z", "tipo": "deposito", "valor": "10.00", "cuenta": 1, "descripcion": "me gane 10 dolares", "updated_at": "2021-01-26T05:37:33.708Z"}}, {"model": "modelo.transaccion", "pk": 15, "fields": {"fecha": "2021-01-26T05:38:07.301Z", "tipo": "deposito", "valor": "10.00", "cuenta": 1, "descripcion": "me gane 10 dolares", "updated_at": "2021-01-26T05:38:07.301Z"}}, {"model": "modelo.transaccion", "pk": 16, "fields": {"fecha": "2021-01-26T05:38:51.064Z", "tipo": "deposito", "valor": "567.00", "cuenta": 10, "descripcion": "ahi estan", "updated_at": "2021-01-26T05:38:51.064Z"}}]